timestamp,persona_id,run_id,mitre_stage,technique_id,flow_count,unique_dst_ports,dest_port_entropy,tcp_ratio,udp_ratio,bytes_fwd_sum,bytes_bwd_sum,bidirectional_ratio,pkts_fwd_sum,pkts_bwd_sum,duration_mean,duration_max,iat_mean,iat_std,iat_max,syn_flag_sum,ack_flag_sum,fin_flag_sum,rst_flag_sum,psh_flag_sum,urg_flag_sum,down_up_ratio_mean,pkt_len_mean,pkt_len_std,pkt_len_max,init_fwd_win_mean,init_bwd_win_mean,fwd_psh_flags_sum,port_scan_score,ttl_variance,ip_fragment_flags,retransmit_count
2026-09-09T14:50:53.792277+00:00,exfil_c2channel_v1,exfil_c2channel_v1__run_004,exfiltration,T1041,6,1,0.0,0.983,0.0251,36716.96,375736.87,0.1718,30,307,0.7071,1.0714,0.7129,0.0645,0.9064,0,3,0,0,1,0,0.0976,1223.9,131.95,1352.56,7320.96,7674.56,0,0.0579,0.3078,0,0
2026-09-09T14:50:58.792277+00:00,exfil_c2channel_v1,exfil_c2channel_v1__run_004,exfiltration,T1041,9,1,0.0,0.9989,0.0008,100204.52,2142644.9,0.1779,81,1732,1.0327,1.51,0.8236,0.103,1.1326,0,5,0,0,1,0,0.0468,1237.09,97.13,1422.74,7041.88,8217.06,0,0.0,1.3569,0,2
2026-09-09T14:51:03.792277+00:00,exfil_c2channel_v1,exfil_c2channel_v1__run_004,exfiltration,T1041,10,1,0.0,0.9429,0.0614,38041.47,637828.57,0.2272,30,503,0.5128,0.8401,0.6581,0.0973,0.9501,0,6,0,0,2,0,0.0596,1268.05,154.15,1464.92,9543.06,7839.73,1,0.004,0.8919,0,1
2026-09-09T14:51:08.792277+00:00,exfil_c2channel_v1,exfil_c2channel_v1__run_004,exfiltration,T1041,7,1,0.0,0.9467,0.0,49477.82,788111.04,0.0976,42,669,0.7607,1.5547,0.7743,0.0801,1.0145,0,4,0,0,1,0,0.0627,1178.04,125.6,1347.25,7574.83,9386.18,0,0.0,0.8249,1,0
2026-09-09T14:51:13.792277+00:00,exfil_c2channel_v1,exfil_c2channel_v1__run_004,exfiltration,T1041,4,1,0.0,0.9955,0.0,48521.89,1176655.74,0.1935,36,873,0.4596,0.8385,0.6482,0.048,0.7923,0,2,0,0,0,0,0.0412,1347.83,183.41,1664.21,7450.58,7564.26,0,0.0,0.6859,0,0
2026-09-09T14:51:18.792277+00:00,exfil_c2channel_v1,exfil_c2channel_v1__run_004,exfiltration,T1041,3,1,0.0,1.0,0.0,22709.66,384802.5,0.2265,18,305,0.4063,1.1324,0.7463,0.0999,1.0461,0,1,0,0,0,0,0.0589,1261.65,226.32,1455.41,8499.97,6301.54,0,0.0745,0.0,0,0
2026-09-09T14:51:23.792277+00:00,exfil_c2channel_v1,exfil_c2channel_v1__run_004,exfiltration,T1041,5,1,0.0,0.9932,0.0093,38088.57,328831.28,0.1598,30,259,0.9634,2.0723,0.6027,0.0381,0.7169,0,3,0,0,1,0,0.1157,1269.62,174.77,1522.92,8540.48,7692.64,0,0.0,0.4014,1,0
2026-09-09T14:51:28.792277+00:00,exfil_c2channel_v1,exfil_c2channel_v1__run_004,exfiltration,T1041,9,1,0.0,1.0,0.0,50470.46,636488.58,0.264,36,454,0.6258,1.7847,0.7605,0.0928,1.0388,0,5,0,0,1,0,0.0793,1401.96,178.5,1617.45,7879.03,5657.47,0,0.0,0.8827,1,1
2026-09-09T14:51:33.792277+00:00,exfil_c2channel_v1,exfil_c2channel_v1__run_004,exfiltration,T1041,4,2,0.517,0.9709,0.0328,15044.774,175415.57,0.3095,13,145,0.737,1.1577,0.7653,0.0866,1.0252,0,1,0,0,0,0,0.2731,1048.852,73.854,1164.092,8294.894,7722.586,0,0.032,0.9233,0,0
2026-09-09T14:51:38.792277+00:00,exfil_c2channel_v1,exfil_c2channel_v1__run_004,exfiltration,T1041,5,1,0.0,1.0,0.0,38979.77,406688.98,0.2259,30,313,0.7445,0.9653,0.6661,0.059,0.8432,0,3,0,0,1,0,0.0957,1299.33,159.64,1566.36,7436.05,8185.31,0,0.064,0.2893,0,1
2026-09-09T14:51:43.792277+00:00,exfil_c2channel_v1,exfil_c2channel_v1__run_004,exfiltration,T1041,6,1,0.0,1.0,0.0,62386.13,514685.55,0.2282,48,396,0.3521,0.8987,0.6546,0.0649,0.8492,0,3,0,0,1,0,0.121,1299.71,177.5,1521.77,7601.71,10667.57,0,0.0144,1.0566,0,0
2026-09-09T14:51:48.792277+00:00,exfil_c2channel_v1,exfil_c2channel_v1__run_004,exfiltration,T1041,5,1,0.0,0.9976,0.0,53641.83,832044.37,0.26,45,698,0.3911,0.9855,0.7819,0.049,0.929,0,3,0,0,0,0,0.0644,1192.04,172.14,1477.36,8223.8,6549.17,0,0.0604,1.4875,0,0
2026-09-09T14:51:53.792277+00:00,exfil_c2channel_v1,exfil_c2channel_v1__run_004,exfiltration,T1041,14,1,0.0,1.0,0.0236,55106.14,615351.88,0.2634,42,469,0.5164,1.3779,0.6558,0.0429,0.7846,0,8,0,0,2,0,0.0895,1312.05,220.38,1826.57,8617.5,10439.91,1,0.025,1.4692,1,0
2026-09-09T14:51:58.792277+00:00,exfil_c2channel_v1,exfil_c2channel_v1__run_004,exfiltration,T1041,7,1,0.0,1.0,0.0183,69021.78,831958.94,0.1671,56,675,0.4712,0.8702,0.6657,0.0513,0.8197,0,4,0,0,1,0,0.0829,1232.53,95.26,1360.13,7271.32,8357.19,0,0.0,0.493,1,0
2026-09-09T14:52:03.792277+00:00,exfil_c2channel_v1,exfil_c2channel_v1__run_004,exfiltration,T1041,9,1,0.0,1.0,0.0087,99124.01,1107496.61,0.2136,81,905,0.6148,1.7709,0.6031,0.0578,0.7766,0,5,0,0,2,0,0.0895,1223.75,103.27,1492.14,7801.42,7154.24,1,0.0,0.8348,0,0
2026-09-09T14:52:08.792277+00:00,exfil_c2channel_v1,exfil_c2channel_v1__run_004,exfiltration,T1041,9,1,0.0,0.9478,0.039,136251.9,1648785.66,0.2129,99,1198,0.6802,1.6025,0.6364,0.0761,0.8647,0,5,0,0,1,0,0.0826,1376.28,164.7,1640.86,8749.1,9797.44,0,0.0,1.4076,0,0
2026-09-09T14:52:13.792277+00:00,exfil_c2channel_v1,exfil_c2channel_v1__run_004,exfiltration,T1041,9,1,0.0,0.9945,0.0,55088.87,555785.52,0.242,45,454,0.487,1.2844,0.5529,0.0494,0.7011,0,5,0,0,1,0,0.0991,1224.2,201.31,1524.97,8704.24,8636.81,0,0.0,1.2909,0,0
2026-09-09T14:52:18.792277+00:00,exfil_c2channel_v1,exfil_c2channel_v1__run_004,exfiltration,T1041,4,1,0.0,0.9717,0.0381,33511.35,478733.57,0.2852,28,400,0.3977,0.5792,0.7147,0.0656,0.9116,0,2,0,0,0,0,0.0699,1196.83,72.72,1288.2,9528.74,9301.7,0,0.013,1.0631,0,0
2026-09-09T14:52:23.792277+00:00,exfil_c2channel_v1,exfil_c2channel_v1__run_004,exfiltration,T1041,7,1,0.0,1.0,0.0054,63906.63,649500.08,0.2055,49,498,0.7724,1.6348,0.7077,0.0602,0.8884,0,4,0,0,1,0,0.0984,1304.22,99.49,1463.62,8633.83,6519.19,0,0.0,0.2236,0,0
2026-09-09T14:52:28.792277+00:00,exfil_c2channel_v1,exfil_c2channel_v1__run_004,exfiltration,T1041,6,1,0.0,0.9778,0.0034,25816.65,285417.46,0.2418,18,199,0.552,0.6647,0.6678,0.0982,0.9626,0,3,0,0,1,0,0.09,1434.26,148.89,1629.62,7676.5,9367.67,0,0.0018,1.4133,1,0
2026-09-09T14:52:33.792277+00:00,exfil_c2channel_v1,exfil_c2channel_v1__run_004,exfiltration,T1041,2,1,0.0,1.0,0.0,12978.31,97337.3,0.2418,10,75,0.695,1.581,0.6353,0.0412,0.7589,0,1,0,0,0,0,0.1321,1297.83,103.5,1401.33,6928.34,9727.46,0,0.0,0.43,0,0
2026-09-09T14:52:38.792277+00:00,exfil_c2channel_v1,exfil_c2channel_v1__run_004,exfiltration,T1041,3,1,0.0,1.0,0.0,11966.95,119669.5,0.1985,9,90,0.9661,1.6056,0.7035,0.0632,0.8931,0,1,0,0,0,0,0.0989,1329.66,87.31,1426.19,7665.5,9278.51,0,0.0,1.3659,0,0
2026-09-09T14:52:43.792277+00:00,exfil_c2channel_v1,exfil_c2channel_v1__run_004,exfiltration,T1041,4,1,0.0,0.9845,0.0284,9545.7,110968.73,0.2343,8,93,0.912,2.5545,0.6265,0.0838,0.878,0,2,0,0,0,0,0.0854,1193.21,118.71,1324.75,7849.47,6730.75,0,0.0,1.0044,0,0
2026-09-09T14:52:48.792277+00:00,exfil_c2channel_v1,exfil_c2channel_v1__run_004,exfiltration,T1041,4,1,0.0,0.974,0.0369,24896.45,221578.38,0.1885,20,178,0.657,0.9271,0.7304,0.0787,0.9664,0,2,0,0,0,0,0.1122,1244.82,123.36,1402.66,6154.15,8898.01,0,0.027,0.7559,0,0
2026-09-09T14:52:53.792277+00:00,exfil_c2channel_v1,exfil_c2channel_v1__run_004,exfiltration,T1041,9,1,0.0,0.975,0.0135,86995.04,3246433.83,0.1908,63,2351,0.4007,1.1025,0.6922,0.0995,0.9907,0,5,0,0,1,0,0.0268,1380.87,166.19,1714.66,7885.15,6537.09,0,0.0031,1.8453,0,0
2026-09-09T14:52:58.792277+00:00,exfil_c2channel_v1,exfil_c2channel_v1__run_004,exfiltration,T1041,8,1,0.0,0.957,0.0608,96613.77,1061409.65,0.2465,72,791,0.3903,0.8876,0.595,0.076,0.823,0,5,0,0,1,0,0.091,1341.86,247.08,1793.39,8969.76,7694.57,0,0.0046,0.7298,0,0
2026-09-09T14:53:03.792277+00:00,exfil_c2channel_v1,exfil_c2channel_v1__run_004,exfiltration,T1041,11,1,0.0,1.0,0.0,44159.81,596826.47,0.1499,33,446,0.813,1.8726,0.7311,0.0912,1.0046,0,6,0,0,2,0,0.074,1338.18,165.17,1661.06,7627.93,7846.24,1,0.0,1.3995,0,0
2026-09-09T14:53:08.792277+00:00,exfil_c2channel_v1,exfil_c2channel_v1__run_004,exfiltration,T1041,6,1,0.0,0.9896,0.0325,45542.34,843798.44,0.2883,36,667,0.4101,1.01,0.6501,0.0768,0.8806,0,3,0,0,1,0,0.0539,1265.07,241.83,1592.65,8182.28,5533.78,0,0.0,1.4231,0,0
2026-09-09T14:53:13.792277+00:00,exfil_c2channel_v1,exfil_c2channel_v1__run_004,exfiltration,T1041,6,1,0.0,1.0,0.0029,15104.13,187542.89,0.1791,12,149,0.7859,1.3588,0.5872,0.0779,0.821,0,3,0,0,1,0,0.0805,1258.68,178.5,1580.79,5765.22,8850.73,0,0.011,0.8624,0,0
2026-09-09T14:53:18.792277+00:00,exfil_c2channel_v1,exfil_c2channel_v1__run_004,exfiltration,T1041,6,1,0.0,0.9905,0.0244,88726.97,856461.68,0.182,72,695,0.6847,0.8912,0.6081,0.0624,0.7952,0,3,0,0,1,0,0.1035,1232.32,217.55,1608.82,6496.93,8522.18,0,0.0538,0.5717,0,0
2026-09-09T14:53:23.792277+00:00,exfil_c2channel_v1,exfil_c2channel_v1__run_004,exfiltration,T1041,7,1,0.0,0.9613,0.0499,46771.08,546553.52,0.0821,35,409,0.8837,1.1676,0.6558,0.0557,0.823,0,4,0,0,1,0,0.0856,1336.32,239.91,1626.35,8614.19,8840.35,0,0.0,1.2439,1,0
2026-09-09T14:53:28.792277+00:00,exfil_c2channel_v1,exfil_c2channel_v1__run_004,exfiltration,T1041,7,1,0.0,1.0,0.0,95491.65,761204.89,0.2785,70,558,0.4025,1.1192,0.6972,0.0548,0.8615,0,4,0,0,1,0,0.1253,1364.17,221.25,1805.1,10352.24,9683.48,0,0.0,0.8477,1,0
2026-09-09T14:53:33.792277+00:00,exfil_c2channel_v1,exfil_c2channel_v1__run_004,exfiltration,T1041,4,1,0.0,0.994,0.018,24240.43,313913.55,0.2119,20,259,0.3624,1.0331,0.5922,0.0513,0.746,0,2,0,0,0,0,0.0771,1212.02,116.21,1364.36,8408.94,10232.47,0,0.0265,1.9892,0,0
2026-09-09T14:53:38.792277+00:00,exfil_c2channel_v1,exfil_c2channel_v1__run_004,exfiltration,T1041,3,1,0.0,1.0,0.0,11827.01,140610.05,0.2259,9,107,1.0087,2.4059,0.793,0.0606,0.9748,0,1,0,0,0,0,0.0837,1314.11,63.49,1400.76,8013.87,8113.92,0,0.0,0.896,0,0
2026-09-09T14:53:43.792277+00:00,exfil_c2channel_v1,exfil_c2channel_v1__run_004,exfiltration,T1041,6,1,0.0,1.0,0.0,64872.45,619892.28,0.1432,54,516,0.9013,1.9384,0.6299,0.0867,0.89,0,3,0,0,1,0,0.1045,1201.34,110.48,1424.8,7881.5,8535.14,0,0.038,0.0,0,0
2026-09-09T14:53:48.792277+00:00,exfil_c2channel_v1,exfil_c2channel_v1__run_004,exfiltration,T1041,7,1,0.0,1.0,0.0,68194.87,1098424.57,0.163,56,902,0.4991,1.4246,0.6259,0.0684,0.8312,0,4,0,0,1,0,0.0621,1217.77,131.37,1421.05,8491.5,7874.22,0,0.0571,1.1576,0,1
2026-09-09T14:53:53.792277+00:00,exfil_c2channel_v1,exfil_c2channel_v1__run_004,exfiltration,T1041,5,1,0.0,1.0,0.0054,44955.43,1565947.63,0.1682,30,1045,0.3709,0.8334,0.7336,0.0759,0.9613,0,3,0,0,0,0,0.0287,1498.51,177.23,1831.71,8323.05,9319.68,0,0.0,0.7007,0,0
2026-09-09T14:53:58.792277+00:00,exfil_c2channel_v1,exfil_c2channel_v1__run_004,exfiltration,T1041,8,1,0.0,1.0,0.0227,55216.08,942814.5,0.0997,40,683,0.8501,1.3444,0.7218,0.0628,0.9101,0,5,0,0,1,0,0.0585,1380.4,200.3,1618.54,8095.04,7894.75,0,0.0,1.2109,0,0
2026-09-09T14:54:03.792277+00:00,exfil_c2channel_v1,exfil_c2channel_v1__run_004,exfiltration,T1041,7,1,0.0,1.0,0.0081,42083.77,464123.85,0.1618,35,386,0.5376,1.1882,0.6594,0.0747,0.8834,0,4,0,0,1,0,0.0905,1202.39,192.62,1561.38,7331.92,9672.9,0,0.0479,0.0,0,0
2026-09-09T14:54:08.792277+00:00,exfil_c2channel_v1,exfil_c2channel_v1__run_004,exfiltration,T1041,9,2,0.517,0.9725,0.0477,32610.478,960649.706,0.2221,25,718,0.7302,1.6709,0.715,0.0824,0.9622,0,5,0,0,1,0,0.2333,1148.172,263.838,1553.82,6854.95,8739.138,0,0.0082,1.6087,0,0
2026-09-09T14:54:13.792277+00:00,exfil_c2channel_v1,exfil_c2channel_v1__run_004,exfiltration,T1041,5,1,0.0,1.0,0.0218,25843.82,660309.64,0.199,20,511,0.9785,2.0089,0.7609,0.0669,0.9616,0,2,0,0,1,0,0.0391,1292.19,275.74,1798.2,6471.64,7452.04,0,0.0,0.5662,0,0
2026-09-09T14:54:18.792277+00:00,exfil_c2channel_v1,exfil_c2channel_v1__run_004,exfiltration,T1041,13,1,0.0,0.9953,0.0,123011.36,1693771.82,0.1493,91,1253,0.4072,1.0517,0.5389,0.0762,0.7676,0,8,0,0,2,0,0.0726,1351.77,130.57,1536.21,8382.26,6690.56,1,0.0,1.3225,1,0
2026-09-09T14:54:23.792277+00:00,exfil_c2channel_v1,exfil_c2channel_v1__run_004,exfiltration,T1041,7,1,0.0,0.9917,0.0,76495.63,752662.36,0.1201,56,551,0.7686,2.1252,0.5641,0.0357,0.6711,0,4,0,0,1,0,0.1015,1365.99,159.24,1664.19,8273.78,8024.75,0,0.0295,1.5312,0,0
2026-09-09T14:54:28.792277+00:00,exfil_c2channel_v1,exfil_c2channel_v1__run_004,exfiltration,T1041,7,1,0.0,1.0,0.0,49502.85,451183.13,0.1999,35,319,0.4196,0.8661,0.6438,0.0497,0.7927,0,4,0,0,1,0,0.1094,1414.37,165.73,1656.62,7674.86,8765.24,0,0.0,0.5116,0,2
2026-09-09T14:54:33.792277+00:00,exfil_c2channel_v1,exfil_c2channel_v1__run_004,exfiltration,T1041,11,1,0.0,1.0,0.0029,98920.96,1708634.73,0.1268,77,1330,0.9581,2.0455,0.7039,0.1003,1.0047,0,6,0,0,2,0,0.0579,1284.69,109.22,1445.52,8441.86,7949.32,1,0.0,0.4131,1,0
2026-09-09T14:54:38.792277+00:00,exfil_c2channel_v1,exfil_c2channel_v1__run_004,exfiltration,T1041,10,1,0.0,1.0,0.0,64089.36,966467.59,0.1629,50,754,0.8286,2.4739,0.7498,0.0386,0.8656,0,6,0,0,1,0,0.0663,1281.79,189.55,1705.86,6830.44,9569.51,0,0.0,1.1586,0,1
2026-09-09T14:54:43.792277+00:00,exfil_c2channel_v1,exfil_c2channel_v1__run_004,exfiltration,T1041,8,1,0.0,0.9795,0.0,70236.01,1086149.71,0.1673,56,866,0.4815,1.1702,0.6844,0.0631,0.8737,0,4,0,0,1,0,0.0647,1254.21,129.97,1435.18,9136.21,8384.68,0,0.0,2.113,0,1
2026-09-09T14:54:48.792277+00:00,exfil_c2channel_v1,exfil_c2channel_v1__run_004,exfiltration,T1041,3,2,0.517,0.9725,0.0328,12998.734,118617.194,0.295,12,107,0.6583,1.5321,0.7972,0.0735,1.0178,0,1,0,0,0,0,0.2912,972.164,73.526,1069.796,7638.342,7276.17,0,0.0107,1.5495,0,0
2026-09-09T14:54:53.792277+00:00,exfil_c2channel_v1,exfil_c2channel_v1__run_004,exfiltration,T1041,8,1,0.0,0.996,0.0,81173.31,904180.44,0.2678,72,802,1.0455,1.9071,0.7766,0.0892,1.0442,0,4,0,0,1,0,0.0897,1127.41,147.05,1450.19,8622.74,7383.08,0,0.0227,0.1912,0,0
2026-09-09T14:54:58.792277+00:00,exfil_c2channel_v1,exfil_c2channel_v1__run_004,exfiltration,T1041,8,1,0.0,1.0,0.033,101782.11,1335890.16,0.2212,80,1050,0.59,1.4464,0.5913,0.0352,0.697,0,4,0,0,1,0,0.0761,1272.28,168.36,1607.0,9374.76,8226.62,0,0.0361,0.6586,1,0
2026-09-09T14:55:03.792277+00:00,exfil_c2channel_v1,exfil_c2channel_v1__run_004,exfiltration,T1041,4,1,0.0,1.0,0.0136,37491.68,301495.59,0.2048,24,193,0.6354,1.6847,0.6609,0.0946,0.9448,0,2,0,0,0,0,0.1241,1562.15,123.24,1771.2,7522.19,8488.66,0,0.0,1.6862,0,0
2026-09-09T14:55:08.792277+00:00,exfil_c2channel_v1,exfil_c2channel_v1__run_004,exfiltration,T1041,11,1,0.0,0.9896,0.0168,27205.88,194151.05,0.2206,22,157,0.4025,1.0415,0.7541,0.1006,1.0559,0,6,0,0,2,0,0.1393,1236.63,206.99,1559.24,9207.65,6528.42,1,0.0719,1.197,0,0
2026-09-09T14:55:13.792277+00:00,exfil_c2channel_v1,exfil_c2channel_v1__run_004,exfiltration,T1041,8,1,0.0,1.0,0.0,10655.32,93234.01,0.1919,8,70,0.8021,2.1406,0.5643,0.0489,0.7108,0,5,0,0,1,0,0.1133,1331.91,112.33,1465.87,8426.41,5935.99,0,0.0,0.2847,0,0
2026-09-09T14:55:18.792277+00:00,exfil_c2channel_v1,exfil_c2channel_v1__run_004,exfiltration,T1041,6,1,0.0,0.9676,0.0431,35579.67,500487.31,0.1506,30,422,1.0123,1.6013,0.7558,0.0662,0.9545,0,3,0,0,1,0,0.071,1185.99,93.99,1322.13,6365.2,8991.01,0,0.0,1.0176,0,0
2026-09-09T14:55:23.792277+00:00,exfil_c2channel_v1,exfil_c2channel_v1__run_004,exfiltration,T1041,7,1,0.0,1.0,0.0,51286.73,571480.7,0.0981,42,468,0.4072,0.6309,0.6632,0.0958,0.9507,0,3,0,0,1,0,0.0896,1221.11,194.94,1561.72,7278.3,6616.35,0,0.0117,0.9835,0,0
2026-09-09T14:55:28.792277+00:00,exfil_c2channel_v1,exfil_c2channel_v1__run_004,exfiltration,T1041,4,1,0.0,0.9565,0.0526,19449.1,176257.49,0.2006,16,145,0.4924,0.7828,0.6715,0.0525,0.8291,0,2,0,0,0,0,0.1101,1215.57,177.17,1408.77,8877.51,9520.88,0,0.0568,1.2858,0,0
2026-09-09T14:55:33.792277+00:00,exfil_c2channel_v1,exfil_c2channel_v1__run_004,exfiltration,T1041,5,1,0.0,0.9486,0.0407,40951.75,597895.51,0.1669,30,438,0.5281,0.995,0.6059,0.046,0.744,0,2,0,0,1,0,0.0684,1365.06,327.68,1770.87,8517.45,9173.32,0,0.0419,1.135,0,0
2026-09-09T14:55:38.792277+00:00,exfil_c2channel_v1,exfil_c2channel_v1__run_004,exfiltration,T1041,8,1,0.0,0.9403,0.0948,61659.22,1246030.07,0.2769,48,970,0.6319,1.3618,0.7652,0.0619,0.951,0,4,0,0,1,0,0.0495,1284.57,209.75,1726.49,8314.91,7877.32,0,0.0633,0.7504,0,0
2026-09-09T14:55:43.792277+00:00,exfil_c2channel_v1,exfil_c2channel_v1__run_004,exfiltration,T1041,9,1,0.0,0.9795,0.0151,156858.28,2348852.25,0.2084,117,1752,0.5556,1.0254,0.7338,0.0826,0.9816,0,5,0,0,1,0,0.0668,1340.67,222.54,1680.71,7087.79,8461.0,0,0.0111,1.004,0,0
2026-09-09T14:55:48.792277+00:00,exfil_c2channel_v1,exfil_c2channel_v1__run_004,exfiltration,T1041,7,1,0.0,1.0,0.0376,48137.91,642297.23,0.2018,35,467,1.0509,1.9451,0.5981,0.0712,0.8118,0,4,0,0,1,0,0.0749,1375.37,130.27,1633.64,8417.46,7347.55,0,0.0174,0.8323,0,0
2026-09-09T14:55:53.792277+00:00,exfil_c2channel_v1,exfil_c2channel_v1__run_004,exfiltration,T1041,5,2,0.517,0.9383,0.0833,16267.886,338699.61,0.2573,13,258,0.7858,1.1857,0.7312,0.1093,1.0593,0,3,0,0,0,0,0.2438,1130.396,172.246,1447.244,8010.982,7792.97,0,0.01,1.597,0,0
2026-09-09T14:55:58.792277+00:00,exfil_c2channel_v1,exfil_c2channel_v1__run_004,exfiltration,T1041,8,1,0.0,0.9967,0.0044,77411.03,1503467.42,0.1724,64,1243,0.5122,0.8953,0.5618,0.0813,0.8057,0,4,0,0,1,0,0.0515,1209.55,214.58,1641.33,8170.85,7244.12,0,0.0334,1.5485,0,0
2026-09-09T14:56:03.792277+00:00,exfil_c2channel_v1,exfil_c2channel_v1__run_004,exfiltration,T1041,8,1,0.0,1.0,0.0,10204.58,89290.06,0.2063,8,70,0.7156,1.2568,0.4728,0.0527,0.6309,0,5,0,0,1,0,0.1129,1275.57,208.33,1729.12,8032.65,6448.43,0,0.0,0.8647,0,0
2026-09-09T14:56:08.792277+00:00,exfil_c2channel_v1,exfil_c2channel_v1__run_004,exfiltration,T1041,4,1,0.0,1.0,0.0135,59775.87,749915.46,0.2035,44,552,0.4117,1.1888,0.6102,0.034,0.7122,0,2,0,0,0,0,0.0796,1358.54,109.69,1467.18,8857.14,8605.9,0,0.0158,1.1039,0,0
2026-09-09T14:56:13.792277+00:00,exfil_c2channel_v1,exfil_c2channel_v1__run_004,exfiltration,T1041,10,1,0.0,1.0,0.0,97304.89,1395108.92,0.153,80,1147,0.6764,1.1984,0.7011,0.0445,0.8346,0,6,0,0,2,0,0.0697,1216.31,164.81,1525.51,7786.89,6551.51,1,0.0254,1.1533,0,0
2026-09-09T14:56:18.792277+00:00,exfil_c2channel_v1,exfil_c2channel_v1__run_004,exfiltration,T1041,7,1,0.0,0.9831,0.048,83357.61,1426341.37,0.2711,63,1078,0.8229,1.8828,0.6174,0.0321,0.7138,0,4,0,0,1,0,0.0584,1323.14,260.79,1626.38,8507.9,9272.69,0,0.0119,1.471,0,0
2026-09-09T14:56:23.792277+00:00,exfil_c2channel_v1,exfil_c2channel_v1__run_004,exfiltration,T1041,6,1,0.0,0.9958,0.0,16053.46,275584.34,0.2148,12,206,0.4565,1.2165,0.6708,0.0728,0.8892,0,3,0,0,1,0,0.0582,1337.79,147.14,1560.6,9246.58,7589.42,0,0.0535,0.8425,0,0
2026-09-09T14:56:28.792277+00:00,exfil_c2channel_v1,exfil_c2channel_v1__run_004,exfiltration,T1041,12,1,0.0,1.0,0.0123,31128.85,539566.66,0.2476,24,416,0.5033,1.1827,0.6259,0.0917,0.9011,0,7,0,0,2,0,0.0577,1297.04,180.05,1624.83,6665.3,7256.59,1,0.037,0.8579,0,1
2026-09-09T14:56:33.792277+00:00,exfil_c2channel_v1,exfil_c2channel_v1__run_004,exfiltration,T1041,7,1,0.0,1.0,0.0,26313.0,260623.99,0.2061,21,208,0.3398,0.6713,0.6845,0.0525,0.842,0,4,0,0,1,0,0.1009,1253.0,210.98,1632.0,7614.47,8432.67,0,0.0,0.8088,0,0
2026-09-09T14:56:38.792277+00:00,exfil_c2channel_v1,exfil_c2channel_v1__run_004,exfiltration,T1041,8,1,0.0,1.0,0.0226,31807.27,674579.22,0.2222,24,509,0.5698,0.7234,0.6529,0.0392,0.7706,0,4,0,0,1,0,0.0471,1325.3,211.17,1581.65,10368.88,7291.47,0,0.0,0.8278,0,0
2026-09-09T14:56:43.792277+00:00,exfil_c2channel_v1,exfil_c2channel_v1__run_004,exfiltration,T1041,6,1,0.0,0.9703,0.0528,29219.18,336020.58,0.2039,24,276,0.7662,1.1522,0.5793,0.0342,0.6819,0,3,0,0,1,0,0.0868,1217.47,126.76,1356.85,9122.01,7062.73,0,0.0346,0.6556,0,0
2026-09-09T14:56:48.792277+00:00,exfil_c2channel_v1,exfil_c2channel_v1__run_004,exfiltration,T1041,4,1,0.0,1.0,0.0,72820.45,1481115.95,0.2402,56,1139,0.8322,2.1578,0.5646,0.0395,0.683,0,2,0,0,0,0,0.0492,1300.37,257.05,1708.64,6338.81,9055.85,0,0.0,0.8159,0,0
2026-09-09T14:56:53.792277+00:00,exfil_c2channel_v1,exfil_c2channel_v1__run_004,exfiltration,T1041,7,1,0.0,0.9712,0.0143,48912.87,635867.26,0.1644,35,455,0.6338,0.9361,0.6211,0.0424,0.7484,0,4,0,0,1,0,0.0768,1397.51,156.19,1660.47,6884.64,7035.92,0,0.0,0.5556,0,0
2026-09-09T14:56:58.792277+00:00,exfil_c2channel_v1,exfil_c2channel_v1__run_004,exfiltration,T1041,4,1,0.0,0.9893,0.0187,42361.94,569238.61,0.1698,32,430,0.9802,2.907,0.7657,0.1057,1.0828,0,2,0,0,0,0,0.0744,1323.81,82.2,1449.84,8482.49,8692.54,0,0.0,0.6829,0,0
2026-09-09T14:57:03.792277+00:00,exfil_c2channel_v1,exfil_c2channel_v1__run_004,exfiltration,T1041,12,1,0.0,0.9945,0.0153,91434.94,1368984.2,0.2526,72,1078,0.7955,2.1864,0.6153,0.0337,0.7164,0,7,0,0,2,0,0.0668,1269.93,166.29,1608.47,7812.04,8368.02,1,0.0,1.2855,0,1
2026-09-09T14:57:08.792277+00:00,exfil_c2channel_v1,exfil_c2channel_v1__run_004,exfiltration,T1041,8,2,0.517,0.9725,0.0328,65117.83,950063.706,0.2289,52,753,0.8999,2.3093,0.7057,0.0893,0.9734,0,4,0,0,1,0,0.261,1086.74,150.246,1303.3,7864.902,7987.442,0,0.0319,2.0889,0,0
2026-09-09T14:57:13.792277+00:00,exfil_c2channel_v1,exfil_c2channel_v1__run_004,exfiltration,T1041,13,1,0.0,1.0,0.0293,108973.32,3634439.78,0.2111,91,3035,0.8236,2.4027,0.5552,0.0579,0.729,0,7,0,0,2,0,0.03,1197.51,209.39,1599.73,7800.82,7182.51,1,0.0056,0.9112,0,0
2026-09-09T14:57:18.792277+00:00,exfil_c2channel_v1,exfil_c2channel_v1__run_004,exfiltration,T1041,6,1,0.0,1.0,0.0104,20388.92,242401.61,0.0843,18,214,0.6709,0.932,0.6508,0.0959,0.9386,0,3,0,0,1,0,0.0841,1132.72,156.69,1428.26,7850.22,9600.35,0,0.0303,0.4566,0,0
2026-09-09T14:57:23.792277+00:00,exfil_c2channel_v1,exfil_c2channel_v1__run_004,exfiltration,T1041,5,1,0.0,0.9932,0.0,17078.25,209493.18,0.1378,15,184,0.7558,1.0322,0.7454,0.0997,1.0446,0,3,0,0,0,0,0.0812,1138.55,171.5,1447.81,8021.04,6667.47,0,0.0219,1.1947,0,0
2026-09-09T14:57:28.792277+00:00,exfil_c2channel_v1,exfil_c2channel_v1__run_004,exfiltration,T1041,4,1,0.0,0.9555,0.0498,31267.28,329609.23,0.1633,24,253,0.506,1.454,0.7687,0.1118,1.1042,0,2,0,0,0,0,0.0947,1302.8,183.36,1551.63,8646.7,8304.65,0,0.0191,1.5207,0,0
2026-09-09T14:57:33.792277+00:00,exfil_c2channel_v1,exfil_c2channel_v1__run_004,exfiltration,T1041,8,2,0.517,0.9725,0.0328,50172.534,843446.594,0.2619,40,652,0.9712,2.4304,0.8198,0.1173,1.1716,0,5,0,0,1,0,0.2537,1112.148,185.134,1380.412,8196.95,6903.73,0,0.0126,1.481,0,0
2026-09-09T14:57:38.792277+00:00,exfil_c2channel_v1,exfil_c2channel_v1__run_004,exfiltration,T1041,6,1,0.0,0.9658,0.0535,60900.39,374283.67,0.1813,48,295,0.4063,1.1572,0.644,0.0594,0.8223,0,3,0,0,1,0,0.1625,1268.76,176.96,1621.14,6993.4,8486.38,0,0.0,0.2491,1,0
2026-09-09T14:57:43.792277+00:00,exfil_c2channel_v1,exfil_c2channel_v1__run_004,exfiltration,T1041,5,1,0.0,0.9292,0.0568,53321.42,644596.76,0.1456,45,544,0.6822,0.8195,0.6234,0.0602,0.804,0,3,0,0,0,0,0.0826,1184.92,411.55,1999.52,7833.63,5386.53,0,0.087,0.9546,0,0
2026-09-09T14:57:48.792277+00:00,exfil_c2channel_v1,exfil_c2channel_v1__run_004,exfiltration,T1041,10,1,0.0,1.0,0.0,62208.05,1499214.06,0.277,50,1205,0.5552,1.0557,0.7018,0.0848,0.9561,0,5,0,0,1,0,0.0415,1244.16,174.54,1509.94,8154.73,8365.45,0,0.0,0.9532,0,0
2026-09-09T14:57:53.792277+00:00,exfil_c2channel_v1,exfil_c2channel_v1__run_004,exfiltration,T1041,5,1,0.0,0.9874,0.0185,17604.26,377904.83,0.1136,15,322,0.6702,1.3877,0.68,0.0355,0.7866,0,3,0,0,1,0,0.0465,1173.62,23.46,1207.07,10050.03,10070.2,0,0.0384,0.9559,0,0
2026-09-09T14:57:58.792277+00:00,exfil_c2channel_v1,exfil_c2channel_v1__run_004,exfiltration,T1041,7,1,0.0,1.0,0.0,78905.11,601651.43,0.2677,56,427,0.5597,1.4233,0.6333,0.0391,0.7505,0,4,0,0,1,0,0.1308,1409.02,194.9,1586.28,8278.84,5936.47,0,0.0,1.9196,1,0
2026-09-09T14:58:03.792277+00:00,exfil_c2channel_v1,exfil_c2channel_v1__run_004,exfiltration,T1041,9,1,0.0,1.0,0.0,24253.12,265436.9,0.1767,18,197,0.7596,1.2924,0.5655,0.0718,0.7809,0,5,0,0,1,0,0.0914,1347.4,219.84,1679.1,8790.87,9457.05,0,0.026,1.8713,0,0
2026-09-09T14:58:08.792277+00:00,exfil_c2channel_v1,exfil_c2channel_v1__run_004,exfiltration,T1041,9,1,0.0,1.0,0.0,73229.17,697033.21,0.1307,54,514,0.4215,1.2614,0.6904,0.0896,0.9591,0,5,0,0,1,0,0.1049,1356.1,194.94,1753.95,9754.71,8575.77,0,0.0176,1.084,0,0
2026-09-09T14:58:13.792277+00:00,exfil_c2channel_v1,exfil_c2channel_v1__run_004,exfiltration,T1041,3,1,0.0,1.0,0.0,17266.78,163458.85,0.1915,15,142,0.7346,2.2018,0.6319,0.0587,0.808,0,1,0,0,0,0,0.1053,1151.12,77.76,1246.82,9082.0,7555.2,0,0.0047,1.0438,0,0
2026-09-09T14:58:18.792277+00:00,exfil_c2channel_v1,exfil_c2channel_v1__run_004,exfiltration,T1041,9,1,0.0,0.9762,0.0154,70417.37,914121.79,0.2124,54,701,0.4339,0.7089,0.5406,0.0438,0.6721,0,4,0,0,1,0,0.077,1304.03,139.02,1526.4,8114.11,9248.5,0,0.0,0.4214,0,0
2026-09-09T14:58:23.792277+00:00,exfil_c2channel_v1,exfil_c2channel_v1__run_004,exfiltration,T1041,10,1,0.0,1.0,0.0,90362.15,901039.72,0.219,70,698,0.8096,1.4986,0.6092,0.0833,0.8591,0,6,0,0,1,0,0.1002,1290.89,167.29,1551.71,9584.66,8031.7,0,0.0571,0.8414,1,0
2026-09-09T14:58:28.792277+00:00,exfil_c2channel_v1,exfil_c2channel_v1__run_004,exfiltration,T1041,12,2,0.517,0.9484,0.0597,90294.11,3939238.97,0.279,68,2947,0.8579,1.9377,0.6762,0.0718,0.8917,0,7,0,0,2,0,0.2247,1145.916,192.742,1591.588,9030.718,6941.714,1,0.0201,1.5673,0,0
2026-09-09T14:58:33.792277+00:00,exfil_c2channel_v1,exfil_c2channel_v1__run_004,exfiltration,T1041,5,2,0.517,0.9725,0.0328,24451.15,322841.306,0.3137,21,270,0.7107,1.0783,0.7135,0.0784,0.9486,0,2,0,0,1,0,0.2659,1036.14,147.43,1242.188,8313.31,7402.618,0,0.0235,1.5309,0,0
2026-09-09T14:58:38.792277+00:00,exfil_c2channel_v1,exfil_c2channel_v1__run_004,exfiltration,T1041,7,1,0.0,1.0,0.0,77358.51,0.0,0.2483,63,0,0.3182,0.8546,0.6139,0.0722,0.8305,0,4,0,0,1,0,0.0088,1227.91,105.67,1421.45,7533.11,10722.99,0,0.0095,1.5063,0,0
2026-09-09T14:58:43.792277+00:00,exfil_c2channel_v1,exfil_c2channel_v1__run_004,exfiltration,T1041,9,1,0.0,1.0,0.0124,34078.29,1055164.74,0.2995,27,836,0.8871,1.1152,0.655,0.0378,0.7684,0,5,0,0,1,0,0.0323,1262.16,181.49,1617.26,10736.23,7001.97,0,0.0449,0.6184,1,0
2026-09-09T14:58:48.792277+00:00,exfil_c2channel_v1,exfil_c2channel_v1__run_004,exfiltration,T1041,10,1,0.0,0.9756,0.0442,40316.89,319847.3,0.3107,30,238,0.5515,1.554,0.5842,0.0762,0.8128,0,6,0,0,2,0,0.1259,1343.9,202.74,1826.58,9272.71,9949.62,1,0.0,1.3963,0,0
2026-09-09T14:58:53.792277+00:00,exfil_c2channel_v1,exfil_c2channel_v1__run_004,exfiltration,T1041,8,1,0.0,0.9962,0.0051,59722.4,587270.23,0.1648,48,472,1.0509,2.9374,0.7929,0.0754,1.019,0,4,0,0,1,0,0.1016,1244.22,174.0,1469.25,7421.63,8124.0,0,0.0187,0.576,0,0
2026-09-09T14:58:58.792277+00:00,exfil_c2channel_v1,exfil_c2channel_v1__run_004,exfiltration,T1041,14,1,0.0,1.0,0.0061,74834.17,1024960.85,0.3152,56,767,0.757,2.0087,0.6204,0.041,0.7435,0,7,0,0,3,0,0.0729,1336.32,253.76,1781.93,7796.79,8424.25,2,0.0056,1.1604,1,0
2026-09-09T14:59:03.792277+00:00,exfil_c2channel_v1,exfil_c2channel_v1__run_004,exfiltration,T1041,6,1,0.0,0.9806,0.0,25140.82,498626.21,0.2531,18,357,0.6085,1.7225,0.635,0.0334,0.7351,0,3,0,0,1,0,0.0504,1396.71,224.95,1877.54,7788.13,8353.88,0,0.0,1.2163,0,0
2026-09-09T14:59:08.792277+00:00,exfil_c2channel_v1,exfil_c2channel_v1__run_004,exfiltration,T1041,6,2,0.517,0.9434,0.0821,39852.27,339604.978,0.2296,30,249,0.7209,2.0111,0.69,0.0738,0.9116,0,3,0,0,1,0,0.2994,1170.708,202.55,1512.98,7822.206,8600.194,0,0.0224,1.937,0,0
2026-09-09T14:59:13.792277+00:00,exfil_c2channel_v1,exfil_c2channel_v1__run_004,exfiltration,T1041,10,1,0.0,0.9618,0.0241,108821.17,0.0,0.079,80,0,0.7495,1.2834,0.6548,0.0441,0.787,0,6,0,0,1,0,0.0185,1360.26,214.51,1829.95,8270.04,7604.8,0,0.0142,1.3876,0,0
2026-09-09T14:59:18.792277+00:00,exfil_c2channel_v1,exfil_c2channel_v1__run_004,exfiltration,T1041,5,1,0.0,0.984,0.0139,45075.59,575679.7,0.1387,35,447,0.4215,0.5839,0.6059,0.0348,0.7103,0,3,0,0,0,0,0.0783,1287.87,124.72,1446.51,8266.35,9169.55,0,0.0131,0.6409,0,0
2026-09-09T14:59:23.792277+00:00,exfil_c2channel_v1,exfil_c2channel_v1__run_004,exfiltration,T1041,9,1,0.0,0.9872,0.0,89936.51,1000543.63,0.2092,72,801,0.3769,0.8619,0.658,0.0516,0.8129,0,5,0,0,1,0,0.0898,1249.12,186.82,1646.65,7932.25,6728.45,0,0.0,0.6429,0,0
2026-09-09T14:59:28.792277+00:00,exfil_c2channel_v1,exfil_c2channel_v1__run_004,exfiltration,T1041,8,1,0.0,0.9941,0.0089,54255.52,687688.74,0.3105,40,507,0.9832,1.8909,0.6155,0.0846,0.8692,0,4,0,0,1,0,0.0788,1356.39,212.56,1732.57,8992.82,6912.98,0,0.019,0.7163,0,0
2026-09-09T14:59:33.792277+00:00,exfil_c2channel_v1,exfil_c2channel_v1__run_004,exfiltration,T1041,7,1,0.0,0.9585,0.0193,27373.01,213770.17,0.2373,21,164,0.8703,2.5485,0.6326,0.0481,0.7769,0,4,0,0,1,0,0.1277,1303.48,226.69,1675.49,8787.58,8306.62,0,0.0348,0.8259,0,0
2026-09-09T14:59:38.792277+00:00,exfil_c2channel_v1,exfil_c2channel_v1__run_004,exfiltration,T1041,7,1,0.0,0.9741,0.0,36031.56,411789.3,0.1239,28,320,0.5872,1.5034,0.7187,0.0945,1.0021,0,4,0,0,1,0,0.0875,1286.84,122.99,1550.88,7420.18,9642.63,0,0.0,0.3252,0,0
2026-09-09T14:59:43.792277+00:00,exfil_c2channel_v1,exfil_c2channel_v1__run_004,exfiltration,T1041,10,1,0.0,0.9933,0.0,51014.74,577741.91,0.1767,40,453,0.7293,1.4963,0.7128,0.0688,0.9193,0,5,0,0,2,0,0.0882,1275.37,207.92,1629.73,7984.26,10292.7,1,0.0254,0.5709,1,0
2026-09-09T14:59:48.792277+00:00,exfil_c2channel_v1,exfil_c2channel_v1__run_004,exfiltration,T1041,5,1,0.0,1.0,0.0293,50095.82,751437.27,0.0917,40,600,0.4887,1.293,0.7053,0.0957,0.9923,0,2,0,0,0,0,0.0667,1252.4,320.5,1878.05,7522.95,7705.47,0,0.0,1.0522,0,0
2026-09-09T14:59:53.792277+00:00,exfil_c2channel_v1,exfil_c2channel_v1__run_004,exfiltration,T1041,8,1,0.0,1.0,0.0,36693.17,401331.55,0.1954,32,350,0.9126,1.4072,0.7067,0.1034,1.0169,0,4,0,0,1,0,0.0912,1146.66,166.08,1471.17,9529.69,8113.92,0,0.0,1.6348,0,0
2026-09-09T14:59:58.792277+00:00,exfil_c2channel_v1,exfil_c2channel_v1__run_004,exfiltration,T1041,5,1,0.0,1.0,0.0049,30458.74,331391.04,0.1901,25,272,0.5453,1.5748,0.9261,0.1058,1.2435,0,3,0,0,1,0,0.0917,1218.35,68.16,1317.32,8038.54,9166.13,0,0.0,0.2341,0,0
2026-09-09T15:00:03.792277+00:00,exfil_c2channel_v1,exfil_c2channel_v1__run_004,exfiltration,T1041,10,1,0.0,0.9937,0.0238,91951.96,823626.89,0.2017,70,627,0.4416,1.2635,0.7177,0.0584,0.893,0,6,0,0,1,0,0.1116,1313.6,213.45,1702.68,7205.91,7028.07,0,0.0307,1.5911,1,0
2026-09-09T15:00:08.792277+00:00,exfil_c2channel_v1,exfil_c2channel_v1__run_004,exfiltration,T1041,9,1,0.0,1.0,0.0089,86306.34,913408.76,0.2449,72,762,0.7501,2.0879,0.7725,0.0594,0.9508,0,5,0,0,1,0,0.0945,1198.7,119.65,1418.68,7087.56,6630.3,0,0.0072,0.9874,0,0
2026-09-09T15:00:13.792277+00:00,exfil_c2channel_v1,exfil_c2channel_v1__run_004,exfiltration,T1041,7,1,0.0,1.0,0.0,75612.96,1431845.48,0.2264,63,1193,0.4753,1.2236,0.7586,0.0489,0.9055,0,4,0,0,1,0,0.0528,1200.21,165.88,1468.29,8929.55,8063.93,0,0.0435,1.4309,0,0
2026-09-09T15:00:18.792277+00:00,exfil_c2channel_v1,exfil_c2channel_v1__run_004,exfiltration,T1041,4,1,0.0,1.0,0.0408,40070.15,400701.5,0.3217,32,320,0.9494,2.681,0.6323,0.0452,0.768,0,2,0,0,0,0,0.0999,1252.19,126.53,1439.5,8860.08,6950.22,0,0.0166,1.5381,0,0
2026-09-09T15:00:23.792277+00:00,exfil_c2channel_v1,exfil_c2channel_v1__run_004,exfiltration,T1041,7,1,0.0,0.9919,0.0035,90187.01,1722142.38,0.1895,63,1203,0.6982,0.8822,0.6539,0.0854,0.9101,0,4,0,0,1,0,0.0523,1431.54,138.27,1664.39,7741.8,7822.43,0,0.0073,1.8946,0,0
2026-09-09T15:00:28.792277+00:00,exfil_c2channel_v1,exfil_c2channel_v1__run_004,exfiltration,T1041,11,1,0.0,1.0,0.0,101214.76,1168570.46,0.1341,77,889,0.4595,0.6202,0.6718,0.0451,0.807,0,6,0,0,2,0,0.0865,1314.48,139.95,1608.94,8656.6,9728.05,1,0.0601,0.3698,0,0
2026-09-09T15:00:33.792277+00:00,exfil_c2channel_v1,exfil_c2channel_v1__run_004,exfiltration,T1041,14,1,0.0,0.9907,0.0,105899.76,1145986.64,0.1704,84,909,0.3263,0.7048,0.6165,0.0841,0.869,0,8,0,0,3,0,0.0923,1260.71,142.73,1536.72,8001.28,8069.2,2,0.0,0.0,1,0
2026-09-09T15:00:38.792277+00:00,exfil_c2channel_v1,exfil_c2channel_v1__run_004,exfiltration,T1041,5,1,0.0,1.0,0.0,43794.41,603111.64,0.088,35,482,0.8424,1.6762,0.6423,0.0553,0.8082,0,2,0,0,1,0,0.0725,1251.27,124.72,1414.06,8481.22,10123.63,0,0.0,1.6501,0,0
2026-09-09T15:00:43.792277+00:00,exfil_c2channel_v1,exfil_c2channel_v1__run_004,exfiltration,T1041,6,1,0.0,0.9671,0.0581,40837.46,492772.06,0.1914,30,362,0.5265,0.6706,0.7064,0.0553,0.8723,0,3,0,0,0,0,0.0827,1361.25,109.16,1565.83,8791.19,9734.75,0,0.0,0.5172,1,0
2026-09-09T15:00:48.792277+00:00,exfil_c2channel_v1,exfil_c2channel_v1__run_004,exfiltration,T1041,7,1,0.0,0.9801,0.0001,26010.96,454572.44,0.1741,21,367,0.3202,0.6634,0.6141,0.0704,0.8252,0,4,0,0,1,0,0.0572,1238.62,198.55,1613.91,7123.05,10956.43,0,0.0,1.0853,0,0
2026-09-09T15:00:53.792277+00:00,exfil_c2channel_v1,exfil_c2channel_v1__run_004,exfiltration,T1041,4,2,0.517,0.9392,0.0741,35472.878,327546.322,0.3335,27,240,0.9399,2.3453,0.7665,0.1081,1.0906,0,2,0,0,0,0,0.2921,1170.636,186.102,1412.868,9327.198,8701.106,0,0.0082,1.1757,0,0
2026-09-09T15:00:58.792277+00:00,exfil_c2channel_v1,exfil_c2channel_v1__run_004,exfiltration,T1041,10,1,0.0,0.991,0.0289,120706.87,1543706.73,0.2117,90,1151,0.3711,0.6451,0.882,0.0471,1.0232,0,5,0,0,2,0,0.0781,1341.19,203.58,1735.01,8035.3,7609.97,1,0.0511,1.6465,0,0
2026-09-09T15:01:03.792277+00:00,exfil_c2channel_v1,exfil_c2channel_v1__run_004,exfiltration,T1041,5,1,0.0,1.0,0.0485,26844.22,277837.66,0.1591,20,207,0.6456,0.841,0.7467,0.0799,0.9864,0,3,0,0,1,0,0.0964,1342.21,261.6,1603.09,9333.83,7671.08,0,0.0,1.8528,0,0
2026-09-09T15:01:08.792277+00:00,exfil_c2channel_v1,exfil_c2channel_v1__run_004,exfiltration,T1041,7,1,0.0,1.0,0.0081,51645.13,660319.87,0.1422,42,537,0.6129,1.0955,0.6462,0.0799,0.8858,0,4,0,0,1,0,0.0781,1229.65,168.67,1593.9,7159.78,7994.68,0,0.019,1.5097,0,0
2026-09-09T15:01:13.792277+00:00,exfil_c2channel_v1,exfil_c2channel_v1__run_004,exfiltration,T1041,7,2,0.517,0.9407,0.0554,37950.734,216765.05,0.2266,29,163,0.7889,1.5769,0.677,0.0809,0.9197,0,4,0,0,1,0,0.3444,1147.644,190.046,1438.692,9023.022,6696.402,0,0.0091,2.3308,0,0
2026-09-09T15:01:18.792277+00:00,exfil_c2channel_v1,exfil_c2channel_v1__run_004,exfiltration,T1041,8,1,0.0,0.9935,0.0,112440.62,2999353.64,0.1744,80,2134,0.8372,1.1162,0.5879,0.0543,0.7509,0,4,0,0,1,0,0.0375,1405.51,81.45,1514.35,7859.09,8608.75,0,0.0376,0.1395,0,0
2026-09-09T15:01:23.792277+00:00,exfil_c2channel_v1,exfil_c2channel_v1__run_004,exfiltration,T1041,5,1,0.0,0.9623,0.033,45676.92,898312.83,0.2059,30,590,0.525,1.4951,0.7036,0.0595,0.8821,0,3,0,0,0,0,0.0508,1522.56,262.15,1806.9,8541.61,6368.68,0,0.0357,1.0217,0,0
2026-09-09T15:01:28.792277+00:00,exfil_c2channel_v1,exfil_c2channel_v1__run_004,exfiltration,T1041,6,1,0.0,0.9965,0.0,106200.34,1225388.52,0.3138,78,900,0.986,2.5382,0.6151,0.0308,0.7073,0,3,0,0,1,0,0.0866,1361.54,259.17,1799.52,7663.58,8102.31,0,0.0598,1.2096,0,0
2026-09-09T15:01:33.792277+00:00,exfil_c2channel_v1,exfil_c2channel_v1__run_004,exfiltration,T1041,6,1,0.0,1.0,0.0156,71955.34,843076.71,0.3099,60,703,0.5101,1.4026,0.7241,0.0787,0.9603,0,3,0,0,1,0,0.0853,1199.26,137.79,1497.11,9615.76,8779.72,0,0.0413,1.5195,0,0
2026-09-09T15:01:38.792277+00:00,exfil_c2channel_v1,exfil_c2channel_v1__run_004,exfiltration,T1041,7,1,0.0,1.0,0.0422,53523.99,518672.98,0.2842,42,407,0.7805,1.3852,0.7481,0.0996,1.0468,0,4,0,0,1,0,0.1032,1274.38,62.92,1370.63,8533.29,9617.64,0,0.0,1.5418,0,0
2026-09-09T15:01:43.792277+00:00,exfil_c2channel_v1,exfil_c2channel_v1__run_004,exfiltration,T1041,10,1,0.0,0.9359,0.0612,34162.67,419062.1,0.2494,30,368,0.5342,1.2154,0.7179,0.0454,0.8541,0,5,0,0,2,0,0.0813,1138.76,183.12,1538.09,8295.68,8347.22,1,0.0,0.7352,1,0
2026-09-09T15:01:48.792277+00:00,exfil_c2channel_v1,exfil_c2channel_v1__run_004,exfiltration,T1041,7,1,0.0,1.0,0.0044,42358.76,326767.54,0.2136,35,270,0.5066,0.8633,0.7168,0.0724,0.934,0,4,0,0,1,0,0.1295,1210.25,178.54,1539.28,7645.25,9081.22,0,0.0,0.7341,0,0
2026-09-09T15:01:53.792277+00:00,exfil_c2channel_v1,exfil_c2channel_v1__run_004,exfiltration,T1041,6,1,0.0,1.0,0.0,53321.41,511631.66,0.271,42,403,0.7588,1.8976,0.5229,0.0471,0.6643,0,3,0,0,1,0,0.104,1269.56,177.42,1553.83,10034.4,8442.48,0,0.0,0.6838,1,0
2026-09-09T15:01:58.792277+00:00,exfil_c2channel_v1,exfil_c2channel_v1__run_004,exfiltration,T1041,7,1,0.0,1.0,0.0055,65056.01,535550.38,0.2223,56,461,0.5435,1.3323,0.7513,0.0601,0.9317,0,4,0,0,1,0,0.1214,1161.71,108.35,1331.6,8092.12,9715.99,0,0.0522,1.7878,0,0
2026-09-09T15:02:03.792277+00:00,exfil_c2channel_v1,exfil_c2channel_v1__run_004,exfiltration,T1041,3,1,0.0,0.9663,0.055,19009.03,139399.57,0.1406,15,110,0.9577,1.6379,0.6668,0.0721,0.8832,0,1,0,0,0,0,0.136,1267.27,182.82,1523.38,9525.29,9509.35,0,0.0042,0.3554,0,0
2026-09-09T15:02:08.792277+00:00,exfil_c2channel_v1,exfil_c2channel_v1__run_004,exfiltration,T1041,6,1,0.0,0.9857,0.0085,87181.71,1283948.77,0.1851,66,972,0.7678,1.9983,0.7491,0.08,0.9889,0,3,0,0,1,0,0.0679,1320.93,298.83,1909.58,8902.11,7654.93,0,0.0,0.8364,0,0
2026-09-09T15:02:13.792277+00:00,exfil_c2channel_v1,exfil_c2channel_v1__run_004,exfiltration,T1041,6,1,0.0,1.0,0.0,80761.34,783140.31,0.1614,66,640,0.5098,0.6169,0.7722,0.1117,1.1072,0,3,0,0,1,0,0.103,1223.66,84.96,1309.47,10009.63,5633.95,0,0.0334,0.4359,0,0
2026-09-09T15:02:18.792277+00:00,exfil_c2channel_v1,exfil_c2channel_v1__run_004,exfiltration,T1041,5,1,0.0,1.0,0.0,40569.96,546342.16,0.1961,30,404,0.8277,1.0843,0.7201,0.0596,0.8989,0,3,0,0,0,0,0.0742,1352.33,123.09,1490.39,6818.76,9245.51,0,0.0284,0.0,0,1
2026-09-09T15:02:23.792277+00:00,exfil_c2channel_v1,exfil_c2channel_v1__run_004,exfiltration,T1041,6,1,0.0,0.9796,0.0501,27138.41,342622.42,0.2175,24,303,0.6623,1.4739,0.675,0.0346,0.7787,0,3,0,0,1,0,0.0792,1130.77,110.18,1248.9,7119.43,8447.41,0,0.0496,1.164,0,0
2026-09-09T15:02:28.792277+00:00,exfil_c2channel_v1,exfil_c2channel_v1__run_004,exfiltration,T1041,5,1,0.0,1.0,0.0,34406.38,379846.39,0.1692,25,276,0.4025,0.9245,0.7206,0.1001,1.0211,0,2,0,0,1,0,0.0904,1376.26,158.03,1645.57,9194.61,8457.58,0,0.021,0.8888,0,0
2026-09-09T15:02:33.792277+00:00,exfil_c2channel_v1,exfil_c2channel_v1__run_004,exfiltration,T1041,16,1,0.0,0.9637,0.0251,124168.9,902811.39,0.1275,96,698,0.9479,1.9429,0.676,0.0705,0.8874,0,10,0,0,3,0,0.1375,1293.43,141.48,1558.53,9123.85,9427.36,2,0.0381,1.5055,0,0
2026-09-09T15:02:38.792277+00:00,exfil_c2channel_v1,exfil_c2channel_v1__run_004,exfiltration,T1041,10,1,0.0,1.0,0.0461,98274.11,2003563.41,0.1507,80,1631,0.9135,2.1383,0.6365,0.0496,0.7851,0,6,0,0,1,0,0.049,1228.43,120.74,1520.96,7406.72,6584.22,0,0.0375,0.6992,0,0
2026-09-09T15:02:43.792277+00:00,exfil_c2channel_v1,exfil_c2channel_v1__run_004,exfiltration,T1041,4,2,0.517,0.9725,0.0328,18665.518,256289.65,0.2098,16,203,0.8579,1.6273,0.8462,0.1265,1.2255,0,1,0,0,0,0,0.2632,1087.932,109.814,1234.588,7878.718,6703.602,0,0.0169,2.2602,0,0
2026-09-09T15:02:48.792277+00:00,exfil_c2channel_v1,exfil_c2channel_v1__run_004,exfiltration,T1041,11,1,0.0,1.0,0.0192,43403.18,412987.82,0.1155,33,314,0.6487,1.9223,0.5618,0.0778,0.7952,0,6,0,0,2,0,0.1049,1315.25,144.26,1577.37,8459.84,6742.51,1,0.0,0.4857,0,0
2026-09-09T15:02:53.792277+00:00,exfil_c2channel_v1,exfil_c2channel_v1__run_004,exfiltration,T1041,9,1,0.0,0.9669,0.0,51932.58,2126350.53,0.1463,36,1474,0.4098,0.9986,0.6666,0.0657,0.8637,0,5,0,0,1,0,0.0244,1442.57,218.46,1836.52,10335.24,8478.37,0,0.0,1.2689,0,0
2026-09-09T15:02:58.792277+00:00,exfil_c2channel_v1,exfil_c2channel_v1__run_004,exfiltration,T1041,9,1,0.0,0.9455,0.0523,22329.55,200965.98,0.1795,18,162,0.5076,1.2377,0.803,0.1187,1.1591,0,5,0,0,2,0,0.1109,1240.53,162.4,1435.58,10145.95,7235.38,1,0.0251,0.3651,0,0
2026-09-09T15:03:03.792277+00:00,exfil_c2channel_v1,exfil_c2channel_v1__run_004,exfiltration,T1041,6,1,0.0,1.0,0.002,24183.03,220334.26,0.1924,18,164,0.8251,2.2597,0.5984,0.0877,0.8615,0,3,0,0,1,0,0.1097,1343.5,197.6,1630.32,6758.68,7472.05,0,0.0386,0.9223,0,0
2026-09-09T15:03:08.792277+00:00,exfil_c2channel_v1,exfil_c2channel_v1__run_004,exfiltration,T1041,9,1,0.0,1.0,0.0056,96993.52,674913.22,0.2492,72,501,0.5734,0.9083,0.7375,0.0679,0.9411,0,5,0,0,1,0,0.1434,1347.13,159.36,1526.5,7285.02,9831.94,0,0.0,2.1836,0,0
2026-09-09T15:03:13.792277+00:00,exfil_c2channel_v1,exfil_c2channel_v1__run_004,exfiltration,T1041,10,1,0.0,0.9846,0.0221,76334.15,904559.7,0.1628,60,711,0.5539,1.0208,0.5855,0.0377,0.6986,0,6,0,0,1,0,0.0843,1272.24,276.41,1763.46,7381.43,6908.56,0,0.0138,0.47,0,1
2026-09-09T15:03:18.792277+00:00,exfil_c2channel_v1,exfil_c2channel_v1__run_004,exfiltration,T1041,12,1,0.0,1.0,0.0032,77546.79,876278.68,0.2747,60,678,0.7128,1.5606,0.7068,0.0622,0.8935,0,7,0,0,2,0,0.0885,1292.45,202.36,1508.98,8090.87,8566.49,1,0.0256,1.04,0,0
2026-09-09T15:03:23.792277+00:00,exfil_c2channel_v1,exfil_c2channel_v1__run_004,exfiltration,T1041,6,1,0.0,1.0,0.0,63732.39,751511.05,0.2552,48,566,0.4083,0.6772,0.6469,0.0425,0.7745,0,3,0,0,1,0,0.0847,1327.76,142.51,1521.49,9581.7,8769.09,0,0.0,0.709,0,1
2026-09-09T15:03:28.792277+00:00,exfil_c2channel_v1,exfil_c2channel_v1__run_004,exfiltration,T1041,7,1,0.0,1.0,0.0075,101646.01,2215882.93,0.1865,70,1526,0.8361,2.4938,0.5398,0.0578,0.7131,0,4,0,0,1,0,0.0459,1452.09,177.81,1760.72,7013.46,7097.97,0,0.0401,1.2173,0,0
2026-09-09T15:03:33.792277+00:00,exfil_c2channel_v1,exfil_c2channel_v1__run_004,exfiltration,T1041,6,1,0.0,1.0,0.0,58812.32,565718.55,0.1655,42,404,0.6175,0.7879,0.8985,0.0951,1.1837,0,3,0,0,1,0,0.1039,1400.29,329.44,1884.9,8618.69,7117.94,0,0.0,1.1982,0,0
2026-09-09T15:03:38.792277+00:00,exfil_c2channel_v1,exfil_c2channel_v1__run_004,exfiltration,T1041,7,1,0.0,0.9918,0.0105,77151.23,631905.28,0.2791,63,516,0.7124,1.9336,0.6358,0.0623,0.8228,0,4,0,0,1,0,0.1219,1224.62,214.92,1622.35,8295.84,7913.0,0,0.001,0.9093,0,0
2026-09-09T15:03:43.792277+00:00,exfil_c2channel_v1,exfil_c2channel_v1__run_004,exfiltration,T1041,7,1,0.0,1.0,0.0,48419.35,750499.89,0.154,42,651,0.4677,1.2062,0.5933,0.0369,0.7041,0,4,0,0,1,0,0.0645,1152.84,109.56,1299.62,8306.16,6849.46,0,0.0,0.5725,0,0
2026-09-09T15:03:48.792277+00:00,exfil_c2channel_v1,exfil_c2channel_v1__run_004,exfiltration,T1041,2,1,0.0,1.0,0.007,9208.26,85176.42,0.2288,8,74,0.8876,1.5596,0.6384,0.0772,0.8701,0,1,0,0,0,0,0.1074,1151.03,88.68,1239.71,6597.09,8100.36,0,0.0205,1.0585,0,0
2026-09-09T15:03:53.792277+00:00,exfil_c2channel_v1,exfil_c2channel_v1__run_004,exfiltration,T1041,5,1,0.0,0.9875,0.0,24733.0,251039.92,0.2486,20,203,0.7412,1.5516,0.6889,0.0513,0.8428,0,3,0,0,0,0,0.0982,1236.65,188.49,1553.39,9416.82,8883.81,0,0.011,1.1763,0,0
2026-09-09T15:03:58.792277+00:00,exfil_c2channel_v1,exfil_c2channel_v1__run_004,exfiltration,T1041,7,1,0.0,1.0,0.0251,81146.84,1468371.35,0.1455,63,1140,0.6562,1.8712,0.7133,0.0833,0.9633,0,4,0,0,1,0,0.0552,1288.05,165.55,1576.27,9326.07,6543.98,0,0.0385,1.645,0,0
2026-09-09T15:04:03.792277+00:00,exfil_c2channel_v1,exfil_c2channel_v1__run_004,exfiltration,T1041,11,1,0.0,0.9936,0.0,88016.59,1697653.28,0.1022,66,1273,0.4281,0.9961,0.7709,0.0664,0.9701,0,6,0,0,2,0,0.0518,1333.58,228.03,1814.77,8068.68,7402.94,1,0.0,1.0099,1,0
2026-09-09T15:04:08.792277+00:00,exfil_c2channel_v1,exfil_c2channel_v1__run_004,exfiltration,T1041,7,2,0.517,0.9725,0.0328,83283.678,767320.33,0.1815,63,571,0.8379,1.3582,0.6239,0.0898,0.8935,0,4,0,0,1,0,0.2929,1152.092,150.222,1369.628,9448.958,6660.282,0,0.0082,1.9385,0,0
2026-09-09T15:04:13.792277+00:00,exfil_c2channel_v1,exfil_c2channel_v1__run_004,exfiltration,T1041,7,1,0.0,1.0,0.0302,36936.27,0.0,0.1749,28,0,0.4559,0.6556,0.6456,0.0399,0.7654,0,4,0,0,1,0,0.0121,1319.15,260.34,1739.31,9768.57,8005.07,0,0.0,1.221,0,1
2026-09-09T15:04:18.792277+00:00,exfil_c2channel_v1,exfil_c2channel_v1__run_004,exfiltration,T1041,5,1,0.0,0.994,0.0337,20594.53,172994.05,0.2652,15,126,0.726,1.2855,0.628,0.0767,0.8581,0,3,0,0,1,0,0.1187,1372.97,163.52,1586.55,9324.76,7971.94,0,0.0196,0.7863,0,0
2026-09-09T15:04:23.792277+00:00,exfil_c2channel_v1,exfil_c2channel_v1__run_004,exfiltration,T1041,3,1,0.0,0.9874,0.0003,22643.58,472999.24,0.1726,18,376,0.7935,1.7362,0.7,0.0896,0.9688,0,1,0,0,0,0,0.0478,1257.98,99.06,1371.66,7235.64,8549.34,0,0.0,0.7395,0,0
2026-09-09T15:04:28.792277+00:00,exfil_c2channel_v1,exfil_c2channel_v1__run_004,exfiltration,T1041,6,1,0.0,1.0,0.0082,52998.4,1167226.7,0.1553,42,925,0.6254,1.528,0.7259,0.0548,0.8903,0,3,0,0,1,0,0.0454,1261.87,187.29,1515.63,7474.5,8540.5,0,0.0,1.7823,0,0
2026-09-09T15:04:33.792277+00:00,exfil_c2channel_v1,exfil_c2channel_v1__run_004,exfiltration,T1041,9,1,0.0,0.9712,0.0002,34508.77,355312.49,0.155,27,278,0.8482,2.0786,0.6439,0.084,0.896,0,5,0,0,1,0,0.0969,1278.1,139.15,1466.79,8509.4,8123.18,0,0.0331,0.759,1,0
2026-09-09T15:04:38.792277+00:00,exfil_c2channel_v1,exfil_c2channel_v1__run_004,exfiltration,T1041,9,1,0.0,0.987,0.0128,24498.62,191905.89,0.2263,18,141,0.8024,2.1878,0.6937,0.0556,0.8606,0,5,0,0,1,0,0.1268,1361.03,219.15,1764.41,8198.07,8739.18,0,0.0,0.7717,0,0
2026-09-09T15:04:43.792277+00:00,exfil_c2channel_v1,exfil_c2channel_v1__run_004,exfiltration,T1041,8,1,0.0,0.9824,0.0467,98385.74,1688955.18,0.2748,72,1236,0.7093,2.0522,0.606,0.0719,0.8217,0,4,0,0,1,0,0.0582,1366.47,137.19,1488.49,8486.96,7689.62,0,0.0015,1.2316,0,0
2026-09-09T15:04:48.792277+00:00,exfil_c2channel_v1,exfil_c2channel_v1__run_004,exfiltration,T1041,5,1,0.0,0.9874,0.0165,27872.8,379070.12,0.1881,20,272,0.6587,1.8682,0.5985,0.0795,0.837,0,3,0,0,0,0,0.0734,1393.64,83.62,1459.06,8056.69,8935.16,0,0.0,0.6118,0,0
2026-09-09T15:04:53.792277+00:00,exfil_c2channel_v1,exfil_c2channel_v1__run_004,exfiltration,T1041,6,1,0.0,0.948,0.0834,24177.07,339822.15,0.1336,18,253,0.8901,1.1127,0.6059,0.0717,0.8211,0,3,0,0,1,0,0.071,1343.17,226.76,1635.07,7538.89,8651.67,0,0.0001,0.8754,0,0
2026-09-09T15:04:58.792277+00:00,exfil_c2channel_v1,exfil_c2channel_v1__run_004,exfiltration,T1041,7,1,0.0,0.9944,0.0,71346.92,1425664.4,0.1474,56,1119,0.8383,1.0223,0.7569,0.0706,0.9688,0,4,0,0,1,0,0.05,1274.05,233.9,1555.07,8269.28,9235.59,0,0.0097,0.9369,0,0
2026-09-09T15:05:03.792277+00:00,exfil_c2channel_v1,exfil_c2channel_v1__run_004,exfiltration,T1041,3,1,0.0,1.0,0.0,33366.24,289174.06,0.2072,24,208,0.9543,2.1556,0.7465,0.0851,1.0019,0,1,0,0,0,0,0.1152,1390.26,144.76,1593.85,8362.54,8058.0,0,0.0645,1.0037,0,0
2026-09-09T15:05:08.792277+00:00,exfil_c2channel_v1,exfil_c2channel_v1__run_004,exfiltration,T1041,3,1,0.0,0.987,0.0268,52356.16,772544.25,0.2566,45,664,0.5156,1.3048,0.7011,0.0454,0.8373,0,1,0,0,0,0,0.0677,1163.47,75.5,1270.13,8397.89,7342.1,0,0.0077,1.5149,0,0
2026-09-09T15:05:13.792277+00:00,exfil_c2channel_v1,exfil_c2channel_v1__run_004,exfiltration,T1041,12,1,0.0,0.9889,0.0049,80644.67,977144.58,0.125,60,727,0.8052,1.1681,0.6886,0.039,0.8056,0,7,0,0,2,0,0.0825,1344.08,143.55,1558.03,7705.72,8950.97,1,0.0,1.1129,1,0
2026-09-09T15:05:18.792277+00:00,exfil_c2channel_v1,exfil_c2channel_v1__run_004,exfiltration,T1041,9,1,0.0,0.9873,0.0,35781.27,359137.96,0.291,27,271,0.5636,1.1853,0.7416,0.0759,0.9695,0,4,0,0,1,0,0.0995,1325.23,183.69,1745.01,7910.72,7413.42,0,0.0425,1.6171,1,0
2026-09-09T15:05:23.792277+00:00,exfil_c2channel_v1,exfil_c2channel_v1__run_004,exfiltration,T1041,11,1,0.0,1.0,0.016,54513.82,1466917.26,0.2202,44,1184,0.4753,0.801,0.6677,0.035,0.7727,0,6,0,0,2,0,0.0372,1238.95,224.16,1593.23,8478.26,9319.81,1,0.0019,0.3435,1,0
2026-09-09T15:05:28.792277+00:00,exfil_c2channel_v1,exfil_c2channel_v1__run_004,exfiltration,T1041,10,1,0.0,1.0,0.0117,161909.55,1501711.05,0.1405,120,1113,0.7901,1.2005,0.7738,0.0894,1.0419,0,5,0,0,1,0,0.1078,1349.25,200.34,1727.25,8132.87,8703.15,0,0.0143,0.7361,0,0
2026-09-09T15:05:33.792277+00:00,exfil_c2channel_v1,exfil_c2channel_v1__run_004,exfiltration,T1041,10,1,0.0,1.0,0.023,68007.36,1410472.7,0.1809,50,1037,0.3409,0.4932,0.7194,0.0429,0.848,0,6,0,0,2,0,0.0482,1360.15,208.65,1678.99,7736.59,9229.28,1,0.0401,0.697,0,0
2026-09-09T15:05:38.792277+00:00,exfil_c2channel_v1,exfil_c2channel_v1__run_004,exfiltration,T1041,7,1,0.0,0.9938,0.0464,57380.04,1519985.48,0.153,49,1298,0.3866,1.1317,0.518,0.0511,0.6711,0,4,0,0,1,0,0.0377,1171.02,169.87,1444.13,6349.83,8634.38,0,0.0275,1.2006,0,0
2026-09-09T15:05:43.792277+00:00,exfil_c2channel_v1,exfil_c2channel_v1__run_004,exfiltration,T1041,19,1,0.0,0.9845,0.0,121294.03,2430987.65,0.2806,95,1904,0.7455,1.2489,0.614,0.0528,0.7725,0,11,0,0,3,0,0.0499,1276.78,174.78,1665.13,8387.29,7775.47,1,0.0,0.7637,0,0
2026-09-09T15:05:48.792277+00:00,exfil_c2channel_v1,exfil_c2channel_v1__run_004,exfiltration,T1041,6,1,0.0,0.9894,0.0382,28600.0,644691.7,0.1782,24,541,0.7388,1.4733,0.6588,0.0611,0.8422,0,3,0,0,1,0,0.0444,1191.67,154.46,1380.66,7549.23,7471.28,0,0.0247,0.2657,0,0
2026-09-09T15:05:53.792277+00:00,exfil_c2channel_v1,exfil_c2channel_v1__run_004,exfiltration,T1041,5,1,0.0,1.0,0.0074,44411.43,574810.83,0.1203,35,453,0.9491,2.7786,0.6367,0.037,0.7477,0,3,0,0,1,0,0.0772,1268.9,180.63,1550.86,7747.36,8212.25,0,0.0,0.2081,0,0
2026-09-09T15:05:58.792277+00:00,exfil_c2channel_v1,exfil_c2channel_v1__run_004,exfiltration,T1041,9,1,0.0,0.9978,0.0,43966.18,786506.19,0.1873,36,644,1.0074,2.0943,0.6511,0.0439,0.7827,0,4,0,0,2,0,0.0558,1221.28,160.64,1551.58,7786.48,7978.07,1,0.0155,1.4732,1,0
2026-09-09T15:06:03.792277+00:00,exfil_c2channel_v1,exfil_c2channel_v1__run_004,exfiltration,T1041,8,1,0.0,1.0,0.0049,30795.13,200168.32,0.1824,24,156,0.9333,1.9976,0.7037,0.0437,0.8347,0,4,0,0,1,0,0.1534,1283.13,281.7,1881.77,9646.77,7636.21,0,0.0219,0.1992,0,0
2026-09-09T15:06:08.792277+00:00,exfil_c2channel_v1,exfil_c2channel_v1__run_004,exfiltration,T1041,11,1,0.0,0.9683,0.0055,60875.39,582466.78,0.2,44,421,0.5183,0.6281,0.706,0.0609,0.8887,0,6,0,0,2,0,0.1045,1383.53,184.62,1780.9,7574.85,8269.04,1,0.021,1.9757,1,1
2026-09-09T15:06:13.792277+00:00,exfil_c2channel_v1,exfil_c2channel_v1__run_004,exfiltration,T1041,7,1,0.0,1.0,0.0019,84090.33,1278706.93,0.1324,63,958,0.3637,0.6488,0.6326,0.0412,0.7563,0,4,0,0,1,0,0.0657,1334.77,230.59,1646.84,9271.72,7271.03,0,0.0,1.4815,0,0
2026-09-09T15:06:18.792277+00:00,exfil_c2channel_v1,exfil_c2channel_v1__run_004,exfiltration,T1041,6,2,0.517,0.9406,0.0587,74020.15,2431255.018,0.2479,54,1746,0.6767,1.1022,0.7162,0.1126,1.0542,0,3,0,0,1,0,0.2307,1191.012,191.31,1419.62,7560.438,8047.322,0,0.0464,1.4317,0,0
2026-09-09T15:06:23.792277+00:00,exfil_c2channel_v1,exfil_c2channel_v1__run_004,exfiltration,T1041,6,1,0.0,1.0,0.0,77585.73,637496.11,0.2052,60,493,1.0902,2.3476,0.8115,0.0922,1.0882,0,3,0,0,1,0,0.1215,1293.1,180.91,1642.26,8304.93,7537.96,0,0.0014,1.2056,0,0
2026-09-09T15:06:28.792277+00:00,exfil_c2channel_v1,exfil_c2channel_v1__run_004,exfiltration,T1041,7,1,0.0,0.9861,0.0415,35951.35,286326.8,0.2421,28,223,0.6385,1.9054,0.7185,0.1042,1.0312,0,4,0,0,1,0,0.1253,1283.98,258.0,1690.66,7378.96,7836.4,0,0.0416,1.0024,0,0
2026-09-09T15:06:33.792277+00:00,exfil_c2channel_v1,exfil_c2channel_v1__run_004,exfiltration,T1041,9,1,0.0,1.0,0.0065,56372.01,621344.83,0.3014,45,496,0.9393,1.3919,0.713,0.0983,1.0078,0,5,0,0,1,0,0.0906,1252.71,82.7,1363.2,9147.78,7866.62,0,0.0148,0.286,0,0
2026-09-09T15:06:38.792277+00:00,exfil_c2channel_v1,exfil_c2channel_v1__run_004,exfiltration,T1041,8,1,0.0,1.0,0.0,52889.04,551368.19,0.2145,40,417,0.8897,1.2428,0.6883,0.0773,0.9202,0,4,0,0,1,0,0.0958,1322.23,199.13,1721.8,8110.28,9078.62,0,0.0098,0.4571,1,1
2026-09-09T15:06:43.792277+00:00,exfil_c2channel_v1,exfil_c2channel_v1__run_004,exfiltration,T1041,13,2,0.517,0.9499,0.0542,123193.31,1473198.018,0.2295,97,1153,0.9333,2.4834,0.7002,0.0917,0.9753,0,7,0,0,2,0,0.2731,1099.236,249.438,1582.788,9710.75,8295.434,1,0.0352,1.9946,0,0
2026-09-09T15:06:48.792277+00:00,exfil_c2channel_v1,exfil_c2channel_v1__run_004,exfiltration,T1041,11,1,0.0,1.0,0.002,75477.63,605193.37,0.2199,55,441,0.8512,1.898,0.5986,0.0382,0.7131,0,6,0,0,2,0,0.1247,1372.32,232.24,1848.35,7762.31,8489.31,1,0.0033,1.2931,0,0
2026-09-09T15:06:53.792277+00:00,exfil_c2channel_v1,exfil_c2channel_v1__run_004,exfiltration,T1041,11,1,0.0,1.0,0.0,89925.48,1564158.43,0.185,66,1148,0.7653,1.8171,0.7032,0.0362,0.8118,0,6,0,0,1,0,0.0575,1362.51,199.32,1883.4,7624.62,7809.14,0,0.0128,1.9453,1,0
2026-09-09T15:06:58.792277+00:00,exfil_c2channel_v1,exfil_c2channel_v1__run_004,exfiltration,T1041,11,1,0.0,0.9305,0.0559,88790.36,976693.94,0.1972,66,726,0.4574,1.0425,0.5112,0.0529,0.67,0,6,0,0,1,0,0.0909,1345.31,111.15,1514.86,9099.74,8502.66,0,0.0221,0.8468,0,0
2026-09-09T15:07:03.792277+00:00,exfil_c2channel_v1,exfil_c2channel_v1__run_004,exfiltration,T1041,9,1,0.0,1.0,0.0,53159.84,718248.53,0.2404,45,608,0.9741,2.0294,0.6711,0.0906,0.9428,0,5,0,0,1,0,0.0739,1181.33,157.99,1376.1,7450.6,9422.4,0,0.024,0.5533,0,0
2026-09-09T15:07:08.792277+00:00,exfil_c2channel_v1,exfil_c2channel_v1__run_004,exfiltration,T1041,10,1,0.0,0.9826,0.0,37490.14,676072.23,0.1732,30,541,0.8037,1.0542,0.742,0.0897,1.0109,0,5,0,0,1,0,0.0554,1249.67,216.56,1575.97,8125.07,6629.33,0,0.0067,2.717,0,0
2026-09-09T15:07:13.792277+00:00,exfil_c2channel_v1,exfil_c2channel_v1__run_004,exfiltration,T1041,4,1,0.0,0.9626,0.0426,41867.36,435682.24,0.0762,32,333,0.761,1.0576,0.6806,0.0753,0.9066,0,2,0,0,0,0,0.0959,1308.36,218.27,1649.75,7757.47,7103.75,0,0.0,1.545,0,0
2026-09-09T15:07:18.792277+00:00,exfil_c2channel_v1,exfil_c2channel_v1__run_004,exfiltration,T1041,11,1,0.0,1.0,0.0,94383.09,804094.9,0.2107,77,656,0.8382,2.428,0.7851,0.0742,1.0077,0,6,0,0,2,0,0.1173,1225.75,171.2,1544.01,8945.88,7051.35,1,0.0163,1.3421,1,0
2026-09-09T15:07:23.792277+00:00,exfil_c2channel_v1,exfil_c2channel_v1__run_004,exfiltration,T1041,2,1,0.0,0.9911,0.0221,22471.85,250935.62,0.1471,18,201,0.6309,1.7105,0.6267,0.09,0.8966,0,1,0,0,0,0,0.0891,1248.44,4.68,1253.12,7889.77,5882.62,0,0.0,0.5076,0,0
2026-09-09T15:07:28.792277+00:00,exfil_c2channel_v1,exfil_c2channel_v1__run_004,exfiltration,T1041,2,1,0.0,0.9872,0.0134,16374.34,177388.72,0.1452,12,130,0.9739,1.39,0.7054,0.0553,0.8711,0,1,0,0,0,0,0.0922,1364.53,191.27,1555.8,8511.72,8346.89,0,0.0184,1.1564,0,0
