persona_id,family,feature,generated_mean,generated_std,reference_mean,reference_std,z_score,flag
benign_browsing_v1,benign,flow_count,6.081,2.753,6.0,3.0,0.03,ok
benign_browsing_v1,benign,syn_flag_sum,0.009,0.096,0.4,0.6,-0.65,ok
benign_browsing_v1,benign,dest_port_entropy,1.443,0.483,1.2,0.7,0.35,ok
benign_browsing_v1,benign,down_up_ratio_mean,2.497,0.596,2.2,1.5,0.2,ok
benign_browsing_v1,benign,pkt_len_mean,600.034,138.462,550.0,250.0,0.2,ok
benign_browsing_v1,benign,port_scan_score,0.027,0.025,0.03,0.05,-0.06,ok
benign_browsing_v1,benign,retransmit_count,0.061,0.256,0.1,0.3,-0.13,ok
benign_bulk_transfer_v1,benign,flow_count,15.058,3.934,6.0,3.0,3.02,REVIEW
benign_bulk_transfer_v1,benign,syn_flag_sum,0.026,0.16,0.4,0.6,-0.62,ok
benign_bulk_transfer_v1,benign,dest_port_entropy,1.468,0.137,1.2,0.7,0.38,ok
benign_bulk_transfer_v1,benign,down_up_ratio_mean,7.976,1.525,2.2,1.5,3.85,REVIEW
benign_bulk_transfer_v1,benign,pkt_len_mean,1399.542,54.316,550.0,250.0,3.4,REVIEW
benign_bulk_transfer_v1,benign,port_scan_score,0.025,0.024,0.03,0.05,-0.11,ok
benign_bulk_transfer_v1,benign,retransmit_count,0.217,0.48,0.1,0.3,0.39,ok
benign_iot_idle_v1,benign,flow_count,0.994,1.059,6.0,3.0,-1.67,ok
benign_iot_idle_v1,benign,syn_flag_sum,0.0,0.0,0.4,0.6,-0.67,ok
benign_iot_idle_v1,benign,dest_port_entropy,0.32,0.548,1.2,0.7,-1.26,ok
benign_iot_idle_v1,benign,down_up_ratio_mean,1.011,0.297,2.2,1.5,-0.79,ok
benign_iot_idle_v1,benign,pkt_len_mean,89.292,27.482,550.0,250.0,-1.84,ok
benign_iot_idle_v1,benign,port_scan_score,0.023,0.025,0.03,0.05,-0.14,ok
benign_iot_idle_v1,benign,retransmit_count,0.005,0.068,0.1,0.3,-0.32,ok
bruteforce_ftp_v1,initial_access,flow_count,17.424,4.255,18.0,6.0,-0.1,ok
bruteforce_ftp_v1,initial_access,syn_flag_sum,8.217,2.172,8.0,3.0,0.07,ok
bruteforce_ftp_v1,initial_access,dest_port_entropy,0.0,0.0,0.3,0.4,-0.75,ok
bruteforce_ftp_v1,initial_access,down_up_ratio_mean,1.099,0.202,1.0,0.4,0.25,ok
bruteforce_ftp_v1,initial_access,pkt_len_mean,100.034,7.597,200.0,150.0,-0.67,ok
bruteforce_ftp_v1,initial_access,port_scan_score,0.023,0.023,0.02,0.03,0.11,ok
bruteforce_ftp_v1,initial_access,retransmit_count,0.523,0.729,0.5,0.5,0.05,ok
bruteforce_ssh_v1,initial_access,flow_count,20.081,4.556,18.0,6.0,0.35,ok
bruteforce_ssh_v1,initial_access,syn_flag_sum,10.541,2.569,8.0,3.0,0.85,ok
bruteforce_ssh_v1,initial_access,dest_port_entropy,0.0,0.0,0.3,0.4,-0.75,ok
bruteforce_ssh_v1,initial_access,down_up_ratio_mean,0.906,0.153,1.0,0.4,-0.23,ok
bruteforce_ssh_v1,initial_access,pkt_len_mean,120.133,9.044,200.0,150.0,-0.53,ok
bruteforce_ssh_v1,initial_access,port_scan_score,0.024,0.024,0.02,0.03,0.15,ok
bruteforce_ssh_v1,initial_access,retransmit_count,0.794,0.908,0.5,0.5,0.59,ok
dos_hulk_v1,impact,flow_count,125.514,12.073,80.0,40.0,1.14,ok
dos_hulk_v1,impact,syn_flag_sum,87.357,8.892,50.0,25.0,1.49,ok
dos_hulk_v1,impact,dest_port_entropy,0.994,0.008,0.1,0.2,4.47,REVIEW
dos_hulk_v1,impact,down_up_ratio_mean,0.604,0.097,0.5,0.2,0.52,ok
dos_hulk_v1,impact,pkt_len_mean,200.055,5.432,150.0,100.0,0.5,ok
dos_hulk_v1,impact,port_scan_score,0.017,0.021,0.01,0.02,0.37,ok
dos_hulk_v1,impact,retransmit_count,7.578,2.85,2.0,1.5,3.72,REVIEW
dos_slowloris_v1,impact,flow_count,3.997,1.998,80.0,40.0,-1.9,ok
dos_slowloris_v1,impact,syn_flag_sum,0.1,0.301,50.0,25.0,-2.0,ok
dos_slowloris_v1,impact,dest_port_entropy,0.684,0.403,0.1,0.2,2.92,REVIEW
dos_slowloris_v1,impact,down_up_ratio_mean,0.401,0.101,0.5,0.2,-0.5,ok
dos_slowloris_v1,impact,pkt_len_mean,39.935,8.963,150.0,100.0,-1.1,ok
dos_slowloris_v1,impact,port_scan_score,0.017,0.02,0.01,0.02,0.35,ok
dos_slowloris_v1,impact,retransmit_count,0.084,0.288,2.0,1.5,-1.28,ok
infiltration_v1,lateral_movement,flow_count,2.958,1.828,4.0,2.5,-0.42,ok
infiltration_v1,lateral_movement,syn_flag_sum,0.015,0.121,1.0,1.0,-0.99,ok
infiltration_v1,lateral_movement,dest_port_entropy,0.892,0.646,0.6,0.5,0.58,ok
infiltration_v1,lateral_movement,down_up_ratio_mean,1.492,0.494,1.3,0.6,0.32,ok
infiltration_v1,lateral_movement,pkt_len_mean,811.327,279.078,750.0,350.0,0.18,ok
infiltration_v1,lateral_movement,port_scan_score,0.072,0.038,0.05,0.06,0.36,ok
infiltration_v1,lateral_movement,retransmit_count,0.058,0.245,0.3,0.4,-0.61,ok
lateral_movement_smb_v1,lateral_movement,flow_count,4.932,2.289,4.0,2.5,0.37,ok
lateral_movement_smb_v1,lateral_movement,syn_flag_sum,0.495,0.555,1.0,1.0,-0.5,ok
lateral_movement_smb_v1,lateral_movement,dest_port_entropy,0.755,0.353,0.6,0.5,0.31,ok
lateral_movement_smb_v1,lateral_movement,down_up_ratio_mean,1.205,0.304,1.3,0.6,-0.16,ok
lateral_movement_smb_v1,lateral_movement,pkt_len_mean,899.347,158.631,750.0,350.0,0.43,ok
lateral_movement_smb_v1,lateral_movement,port_scan_score,0.082,0.033,0.05,0.06,0.54,ok
lateral_movement_smb_v1,lateral_movement,retransmit_count,0.078,0.284,0.3,0.4,-0.55,ok
web_bruteforce_v1,initial_access,flow_count,25.122,5.479,18.0,6.0,1.19,ok
web_bruteforce_v1,initial_access,syn_flag_sum,7.028,1.738,8.0,3.0,-0.32,ok
web_bruteforce_v1,initial_access,dest_port_entropy,1.906,0.082,0.3,0.4,4.01,REVIEW
web_bruteforce_v1,initial_access,down_up_ratio_mean,1.309,0.301,1.0,0.4,0.77,ok
web_bruteforce_v1,initial_access,pkt_len_mean,349.646,20.236,200.0,150.0,1.0,ok
web_bruteforce_v1,initial_access,port_scan_score,0.025,0.024,0.02,0.03,0.18,ok
web_bruteforce_v1,initial_access,retransmit_count,0.49,0.713,0.5,0.5,-0.02,ok
web_sql_injection_v1,initial_access,flow_count,7.505,2.912,18.0,6.0,-1.75,ok
web_sql_injection_v1,initial_access,syn_flag_sum,0.997,0.676,8.0,3.0,-2.33,REVIEW
web_sql_injection_v1,initial_access,dest_port_entropy,1.574,0.388,0.3,0.4,3.19,REVIEW
web_sql_injection_v1,initial_access,down_up_ratio_mean,1.81,0.405,1.0,0.4,2.02,REVIEW
web_sql_injection_v1,initial_access,pkt_len_mean,700.321,99.658,200.0,150.0,3.34,REVIEW
web_sql_injection_v1,initial_access,port_scan_score,0.022,0.023,0.02,0.03,0.08,ok
web_sql_injection_v1,initial_access,retransmit_count,0.112,0.329,0.5,0.5,-0.78,ok
web_xss_v1,initial_access,flow_count,9.108,3.23,18.0,6.0,-1.48,ok
web_xss_v1,initial_access,syn_flag_sum,1.133,0.669,8.0,3.0,-2.29,REVIEW
web_xss_v1,initial_access,dest_port_entropy,1.674,0.309,0.3,0.4,3.43,REVIEW
web_xss_v1,initial_access,down_up_ratio_mean,2.195,0.503,1.0,0.4,2.99,REVIEW
web_xss_v1,initial_access,pkt_len_mean,551.91,72.671,200.0,150.0,2.35,REVIEW
web_xss_v1,initial_access,port_scan_score,0.024,0.024,0.02,0.03,0.12,ok
web_xss_v1,initial_access,retransmit_count,0.138,0.362,0.5,0.5,-0.72,ok
